class_name,confidence,confidence,confidence,mean_cam,mean_cam,mean_cam,max_cam,max_cam,max_cam,std_cam,std_cam,std_cam,active_pixels,active_pixels,active_pixels,active_pixels_pct,active_pixels_pct,active_pixels_pct,cam_energy_inside_leaf,cam_energy_inside_leaf,cam_energy_inside_leaf,active_pixels_inside_leaf_pct,active_pixels_inside_leaf_pct,active_pixels_inside_leaf_pct
,mean,std,count,mean,std,count,mean,std,count,mean,std,count,mean,std,count,mean,std,count,mean,std,count,mean,std,count
Healthy,0.9532276608727195,0.011338825610541734,11,0.2252875898372043,0.07301881222302727,11,0.9999998807907104,0.0,11,0.2106429189443588,0.03328616410998242,11,6809.363636363636,3448.318844675686,11,0.13570957502319103,0.06872446677048161,11,0.8249856396154924,0.19300708575288322,11,0.8041953471114265,0.2156212811695238,11
Mosaic,0.9675071984529495,0.0005033800551737858,4,0.13941097259521482,0.05798311261536918,4,0.9999998807907104,0.0,4,0.19377058744430536,0.02667892577302343,4,4349.75,2578.006642737757,4,0.08668985172193873,0.05137927779691,4,0.9374835640192032,0.04965266350854901,4,0.9747468142350746,0.030415949123376727,4
RedRot,0.9526363440922329,0.00869358152634056,7,0.092420220375061,0.030347158608900283,7,0.9999998807907104,0.0,7,0.17977751365729736,0.027749382271273187,7,3166.8571428571427,1349.681002875794,7,0.06311497813411074,0.026898935803487612,7,0.869588988167899,0.04992369361790637,7,0.8853315808971745,0.06025496387928713,7
Rust,0.9577107191085815,0.001747080651657464,5,0.15703473687171932,0.04243168084321359,5,0.9999998807907104,0.0,5,0.21768806278705596,0.02486621778911953,5,5905.4,2090.7528070051703,5,0.11769371811224486,0.04166838343042829,5,0.8767094135284423,0.06876566938356185,5,0.8865515805721611,0.09201464883347403,5
Yellow,0.9658003747463226,0.0057229098250517465,2,0.16151042655110354,0.08247956495297758,2,0.9999998807907104,0.0,2,0.20723909139633173,0.043269471967830174,2,5328.0,3798.5776285341335,2,0.10618622448979585,0.07570507072174218,2,0.8481414914131165,0.06866320107673493,2,0.9730931222366914,0.030463952763938245,2
