method,n_queries,recall_at_1_avg,recall_at_3_avg,recall_at_5_avg,mrr_avg,ndcg_at_5_avg
tfidf,10,0.5172727272727273,0.6721717171717172,0.7407575757575757,1.0,0.9602197648417741
bm25,10,0.5496969696969697,0.6841919191919192,0.7218181818181819,1.0,0.9809483451256575
semantic,10,0.4722727272727273,0.581969696969697,0.6303535353535354,1.0,0.9685111982286886
