method,n_queries,recall_at_1_avg,recall_at_3_avg,recall_at_5_avg,mrr_avg,ndcg_at_5_avg
tfidf,10,0.457979797979798,0.6381313131313131,0.6603535353535354,1.0,0.9540412700281781
bm25,10,0.5233838383838384,0.7009090909090909,0.7290909090909091,1.0,0.9533129898689596
semantic,10,0.4276262626262626,0.5688383838383839,0.6081313131313132,1.0,0.92244772461526
hybrid,10,0.5148989898989899,0.5871717171717171,0.6657070707070707,1.0,0.9470784200471556
