method,n_queries,recall_at_1_avg,recall_at_3_avg,recall_at_5_avg,mrr_avg,ndcg_at_5_avg
tfidf,10,0.5297474747474747,0.6994444444444444,0.7498484848484848,1.0,0.9575272875958895
bm25,10,0.5515151515151515,0.6903535353535354,0.7570707070707071,1.0,0.9555262974321247
semantic,10,0.49803030303030305,0.6088383838383838,0.6735353535353535,1.0,0.9558951777356383
hybrid,10,0.5912121212121212,0.6645959595959596,0.7296464646464647,1.0,0.9817174612784193
